<?xml version="1.0" encoding="utf-8" ?>
<dwsync>
<file name="inc_author.php" server="C:/wamp/www/yusufali/" local="129570472796660156" remote="129570472790000000" />
<file name="inc_subject.php" server="C:/wamp/www/yusufali/" local="129577525394912109" remote="129577525390000000" />
<file name="inc_publisher.php" server="C:/wamp/www/yusufali/" local="129576551517939453" remote="129576551510000000" />
<file name="inc_user.php" server="C:/wamp/www/yusufali/" local="129557353421240234" remote="129557353420000000" />
<file name="inc_title.php" server="C:/wamp/www/yusufali/" local="129577525377353515" remote="129577525370000000" />
<file name="inc_return.php" server="C:/wamp/www/yusufali/" local="129561699972490234" remote="129561699970000000" />
<file name="inc_return2.php" server="C:/wamp/www/yusufali/" local="129577525401416015" remote="129577525400000000" />
<file name="inc_book_detail.php" server="C:/wamp/www/yusufali/" local="129557626876445312" remote="129557626870000000" />
<file name="inc_book_detail2.php" server="C:/wamp/www/yusufali/" local="129577525408671875" remote="129577525400000000" />
<file name="inc_author2.php" server="C:/wamp/www/yusufali/" local="129576549748212890" remote="129576549740000000" />
<file name="inc_subject2.php" server="C:/wamp/www/yusufali/" local="129576551572480468" remote="129576551570000000" />
</dwsync>