<?xml version="1.0" encoding="utf-8" ?>
<dwsync>
<file name="login_process.php" server="C:/wamp/www/yusufali/" local="129576504337382812" remote="129576504330000000" />
<file name="admin.php" server="C:/wamp/www/yusufali/" local="129576517697890625" remote="129576517690000000" />
<file name="add_book_property.php" server="C:/wamp/www/yusufali/" local="129576538346816406" remote="129576538340000000" />
<file name="add_author_process.php" server="C:/wamp/www/yusufali/" local="129576544702187500" remote="129576544700000000" />
<file name="add_subject_process.php" server="C:/wamp/www/yusufali/" local="129570438714160156" remote="129570438710000000" />
<file name="add_publisher_process.php" server="C:/wamp/www/yusufali/" local="129570439054619140" remote="129570439050000000" />
<file name="add_books_details.php" server="C:/wamp/www/yusufali/" local="129577529516767578" remote="129577529510000000" />
<file name="add_books_details_process.php" server="C:/wamp/www/yusufali/" local="129577528548349609" remote="129577528540000000" />
<file name="user.php" server="C:/wamp/www/yusufali/" local="129575690932070312" remote="129575690930000000" />
<file name="user_process.php" server="C:/wamp/www/yusufali/" local="129562815157500000" remote="129562815150000000" />
<file name="edit_property.php" server="C:/wamp/www/yusufali/" local="129575691055693359" remote="129575691050000000" />
<file name="list_author_process.php" server="C:/wamp/www/yusufali/" local="129577549126171875" remote="129577549120000000" />
<file name="delete_author.php" server="C:/wamp/www/yusufali/" local="129552336588847656" remote="129552336580000000" />
<file name="edit_author.php" server="C:/wamp/www/yusufali/" local="129577551665556640" remote="129577551660000000" />
<file name="update_author_process.php" server="C:/wamp/www/yusufali/" local="129577555741757812" remote="129577555740000000" />
<file name="list_publisher_process.php" server="C:/wamp/www/yusufali/" local="129575690995820312" remote="129575690990000000" />
<file name="delete_publisher.php" server="C:/wamp/www/yusufali/" local="129554766468242187" remote="129554766460000000" />
<file name="update_publisher_process.php" server="C:/wamp/www/yusufali/" local="129554785897011718" remote="129554785890000000" />
<file name="edit_publisher.php" server="C:/wamp/www/yusufali/" local="129575691046718750" remote="129575691040000000" />
<file name="delete_subject.php" server="C:/wamp/www/yusufali/" local="129554780150292968" remote="129554780150000000" />
<file name="list_subject_process.php" server="C:/wamp/www/yusufali/" local="129575690981054687" remote="129575690980000000" />
<file name="edit_subject.php" server="C:/wamp/www/yusufali/" local="129575691037919921" remote="129575691030000000" />
<file name="update_subject_process.php" server="C:/wamp/www/yusufali/" local="129554785035507812" remote="129554785030000000" />
<file name="list_books_process.php" server="C:/wamp/www/yusufali/" local="129575691005947265" remote="129575691000000000" />
<file name="delete_books.php" server="C:/wamp/www/yusufali/" local="129554924262929687" remote="129554924260000000" />
<file name="edit_books.php" server="C:/wamp/www/yusufali/" local="129575691063857421" remote="129575691060000000" />
<file name="update_book_process.php" server="C:/wamp/www/yusufali/" local="129554925499746093" remote="129554925490000000" />
<file name="book_option.php" server="C:/wamp/www/yusufali/" local="129575691137568359" remote="129575691130000000" />
<file name="book_option_process.php" server="C:/wamp/www/yusufali/" local="129575691127607421" remote="129575691120000000" />
<file name="book_option_session.php" server="C:/wamp/www/yusufali/" local="129575691119023437" remote="129575691110000000" />
<file name="borrower.php" server="C:/wamp/www/yusufali/" local="129575691107919921" remote="129575691100000000" />
<file name="borrower_process.php" server="C:/wamp/www/yusufali/" local="129570688162949218" remote="129570688160000000" />
<file name="return.php" server="C:/wamp/www/yusufali/" local="129575690953750000" remote="129575690950000000" />
<file name="delete_returned.php" server="C:/wamp/www/yusufali/" local="129570583128046875" remote="129570583120000000" />
<file name="edit_book_detail.php" server="C:/wamp/www/yusufali/" local="129575691081796875" remote="129575691080000000" />
<file name="edit_book_detail_form.php" server="C:/wamp/www/yusufali/" local="129575691072343750" remote="129575691070000000" />
<file name="update_book_detail_process.php" server="C:/wamp/www/yusufali/" local="129557656030800781" remote="129557656030000000" />
<file name="overdue.php" server="C:/wamp/www/yusufali/" local="129575690972050781" remote="129575690970000000" />
<file name="add_book.php" server="C:/wamp/www/yusufali/" local="129576531225888671" remote="129576531220000000" />
<file name="edit.php" server="C:/wamp/www/yusufali/" local="129577531614902343" remote="129577531610000000" />
<file name="list_book_process.php" server="C:/wamp/www/yusufali/" local="129577546507021484" remote="129577546500000000" />
<file name="edit_book.php" server="C:/wamp/www/yusufali/" local="129577546450820312" remote="129577546450000000" />
<file name="delete_book.php" server="C:/wamp/www/yusufali/" local="129577539527167968" remote="129577539520000000" />
<file name="update_book_detail_process2.php" server="C:/wamp/www/yusufali/" local="129577545522832031" remote="129577545520000000" />
<file name="index.php" server="C:/wamp/www/yusufali/" local="129576497581328125" remote="129576497580000000" />
<file name="index2.php" server="C:/wamp/www/yusufali/" local="129576487486445312" remote="129576487480000000" />
<file name="admin2.php" server="C:/wamp/www/yusufali/" local="129576514595507812" remote="129576514590000000" />
</dwsync>