<?xml version="1.0" encoding="utf-8" ?>
<dwsync>
<file name="017.jpg" server="C:/wamp/www/Transcript/" local="129736389753051440" remote="129736389750000000" />
<file name="020.jpg" server="C:/wamp/www/Transcript/" local="129736389758058640" remote="129736389750000000" />
<file name="022.jpg" server="C:/wamp/www/Transcript/" local="129736389763065840" remote="129736389760000000" />
<file name="admin.jpg" server="C:/wamp/www/Transcript/" local="129736389768073040" remote="129736389760000000" />
<file name="dsc00108.jpg" server="C:/wamp/www/Transcript/" local="129736389749045680" remote="129736389740000000" />
<file name="dsc00108.jpg" server="C:/wamp2/www/Transcript/" local="129736389749045680" remote="129736389740000000" />
<file name="017.jpg" server="C:/wamp2/www/Transcript/" local="129736389753051440" remote="129736389750000000" />
<file name="020.jpg" server="C:/wamp2/www/Transcript/" local="129736389758058640" remote="129736389750000000" />
<file name="022.jpg" server="C:/wamp2/www/Transcript/" local="129736389763065840" remote="129736389760000000" />
<file name="admin.jpg" server="C:/wamp2/www/Transcript/" local="129736389768073040" remote="129736389760000000" />
</dwsync>